letter,count_all,count_uppercase,percentage
e,1,0,8.333333333333334
w,2,0,16.666666666666668
s,1,0,8.333333333333334
r,1,0,8.333333333333334
a,1,0,8.333333333333334
k,3,1,25.0
o,1,0,8.333333333333334
n,2,1,16.666666666666668
